accuracy,precision,recall,f1,roc_auc,pr_auc,support_positive,support_negative,model,experiment,n_features,seed,disabled_control,violation_rate,delta_violation_rate,delta_f1,delta_roc_auc
0.9535,0.9766355140186916,0.93026706231454,0.952887537993921,0.9887156345917856,0.9905975364401458,2022,1978,logistic_regression,compliance_violation_early_warning,10,42,(none - all controls active),0.5055,0.0,0.0,0.0
0.9705,0.997907949790795,0.9436201780415431,0.9700050838840875,0.9938121262672784,0.9945006688247142,2022,1978,gradient_boosting,compliance_violation_early_warning,10,42,(none - all controls active),0.5055,0.0,0.0,0.0
0.999,1.0,0.9975654290931223,0.9987812309567337,0.9999912202576545,0.9999875674525979,1643,2357,logistic_regression,compliance_violation_early_warning,10,42,replayRejected,0.41075,-0.09474999999999995,0.04589369296281265,0.011275585665868948
0.99875,0.999390243902439,0.9975654290931223,0.9984770027413951,0.9989978182340271,0.9993335806680933,1643,2357,gradient_boosting,compliance_violation_early_warning,10,42,replayRejected,0.41075,-0.09474999999999995,0.0284719188573076,0.005185691966748673
0.9495,0.9527868852459016,0.917877447883765,0.935006435006435,0.9886587189969136,0.9855202335823935,1583,2417,logistic_regression,compliance_violation_early_warning,10,42,expiryBoundaryEnforced,0.39575,-0.10974999999999996,-0.01788110298748602,-5.691559487197573e-05
0.97075,0.9972862957937585,0.9286165508528111,0.9617271835132483,0.9941057643126402,0.9920493711168131,1583,2417,gradient_boosting,compliance_violation_early_warning,10,42,expiryBoundaryEnforced,0.39575,-0.10974999999999996,-0.008277900370839197,0.00029363804536175486
0.97225,1.0,0.9306683322923173,0.9640892914914267,0.9947458849057188,0.9930158439323197,1601,2399,logistic_regression,compliance_violation_early_warning,10,42,attemptLockoutEnforced,0.40025,-0.10524999999999995,0.01120175349750574,0.0060302503139332275
0.97075,0.9946666666666667,0.9319175515302935,0.9622702354079329,0.9947310442436587,0.9928807524987134,1601,2399,gradient_boosting,compliance_violation_early_warning,10,42,attemptLockoutEnforced,0.40025,-0.10524999999999995,-0.007734848476154577,0.000918917976380218
0.95075,0.9555412371134021,0.9205462445685909,0.9377173569396143,0.9886241487014116,0.985987989392002,1611,2389,logistic_regression,compliance_violation_early_warning,10,42,sessionBindingEnforced,0.40275,-0.10274999999999995,-0.015170181054306675,-9.148589037399901e-05
0.971,0.9973386560212908,0.930477963997517,0.9627488760436738,0.9940749800126226,0.9920865731565621,1611,2389,gradient_boosting,compliance_violation_early_warning,10,42,sessionBindingEnforced,0.40275,-0.10274999999999995,-0.007256207840413698,0.0002628537453441826
0.94925,0.9547454431175362,0.9206060606060606,0.937365010799136,0.9885967762733721,0.9864592291875623,1650,2350,logistic_regression,compliance_violation_early_warning,10,42,supersessionEnforced,0.4125,-0.09299999999999997,-0.015522527194784974,-0.00011885831841351724
0.97075,0.9974042829331603,0.9315151515151515,0.9633343779379505,0.994078787878788,0.9926753622837372,1650,2350,gradient_boosting,compliance_violation_early_warning,10,42,supersessionEnforced,0.4125,-0.09299999999999997,-0.0066707059461369456,0.0002666616115095666
0.95,0.9753593429158111,0.9259259259259259,0.95,0.9873914766382074,0.9897852793752355,2052,1948,logistic_regression,compliance_violation_early_warning,10,43,(none - all controls active),0.513,0.0,0.0,0.0
0.96625,0.9989588755856325,0.9351851851851852,0.9660206393153788,0.9942107114409341,0.9950186185455787,2052,1948,gradient_boosting,compliance_violation_early_warning,10,43,(none - all controls active),0.513,0.0,0.0,0.0
0.9985,1.0,0.9963076923076923,0.9981504315659679,0.9999911902834008,0.9999872137671116,1625,2375,logistic_regression,compliance_violation_early_warning,10,43,replayRejected,0.40625,-0.10675000000000001,0.04815043156596799,0.012599713645193411
0.99825,0.9993827160493827,0.9963076923076923,0.9978428351309707,0.9997403724696357,0.9996939160507639,1625,2375,gradient_boosting,compliance_violation_early_warning,10,43,replayRejected,0.40625,-0.10675000000000001,0.03182219581559187,0.00552966102870156
0.946,0.9526551503518874,0.9129368485591661,0.9323731997495304,0.9873664508277907,0.9846856878057808,1631,2369,logistic_regression,compliance_violation_early_warning,10,43,expiryBoundaryEnforced,0.40775,-0.10525000000000001,-0.017626800250469588,-2.5025810416634542e-05
0.966,0.9986657771847899,0.917841814837523,0.9565495207667731,0.9939038609010366,0.9919384378031064,1631,2369,gradient_boosting,compliance_violation_early_warning,10,43,expiryBoundaryEnforced,0.40775,-0.10525000000000001,-0.009471118548605717,-0.00030685053989754074
0.968,0.9980171844018506,0.9235474006116208,0.9593392630241423,0.9940415462497818,0.9923139927276226,1635,2365,logistic_regression,compliance_violation_early_warning,10,43,attemptLockoutEnforced,0.40875,-0.10425000000000001,0.009339263024142341,0.006650069611574438
0.96725,0.9980132450331126,0.9217125382262997,0.9583465818759936,0.9946800628430669,0.9929238514662414,1635,2365,gradient_boosting,compliance_violation_early_warning,10,43,attemptLockoutEnforced,0.40875,-0.10425000000000001,-0.007674057439385207,0.00046935140213277826
0.94575,0.9508506616257089,0.9156553398058253,0.9329211746522411,0.9874270399907537,0.9850416462132747,1648,2352,logistic_regression,compliance_violation_early_warning,10,43,sessionBindingEnforced,0.412,-0.10100000000000003,-0.01707882534775884,3.5563352546286175e-05
0.96525,0.9967083607636603,0.9186893203883495,0.9561098831701926,0.9945660530595735,0.9928710343488255,1648,2352,gradient_boosting,compliance_violation_early_warning,10,43,sessionBindingEnforced,0.412,-0.10100000000000003,-0.009910756145186217,0.00035534161863937097
0.94575,0.952054794520548,0.9161174355901738,0.9337404580152672,0.9872749579160605,0.9851957035161965,1669,2331,logistic_regression,compliance_violation_early_warning,10,43,supersessionEnforced,0.41725,-0.09575,-0.016259541984732784,-0.00011651872214690773
0.96575,0.9974025974025974,0.920311563810665,0.9573075724524774,0.9937108639924698,0.9920763730938446,1669,2331,gradient_boosting,compliance_violation_early_warning,10,43,supersessionEnforced,0.41725,-0.09575,-0.008713066862901409,-0.0004998474484643189
0.95275,0.9784830554061323,0.9242886178861789,0.9506140580088842,0.9867503580916713,0.9884029849946946,1968,2032,logistic_regression,compliance_violation_early_warning,10,44,(none - all controls active),0.492,0.0,0.0,0.0
0.9685,0.9994577006507592,0.9364837398373984,0.9669464847848899,0.9949374539882211,0.9951754944587857,1968,2032,gradient_boosting,compliance_violation_early_warning,10,44,(none - all controls active),0.492,0.0,0.0,0.0
0.9995,1.0,0.9987220447284345,0.9993606138107417,1.0,1.0,1565,2435,logistic_regression,compliance_violation_early_warning,10,44,replayRejected,0.39125,-0.10075,0.048746555801857494,0.013249641908328669
0.99925,0.9993606138107417,0.9987220447284345,0.9990412272291467,0.9992441170103193,0.9961105089760802,1565,2435,gradient_boosting,compliance_violation_early_warning,10,44,replayRejected,0.39125,-0.10075,0.03209474244425681,0.004306663022098256
0.9465,0.9504353650368386,0.9101988454137268,0.9298820445609436,0.9865876375863583,0.982556586454763,1559,2441,logistic_regression,compliance_violation_early_warning,10,44,expiryBoundaryEnforced,0.38975,-0.10225000000000001,-0.020732013447940623,-0.00016272050531307425
0.96925,0.9986111111111111,0.9223861449647209,0.9589863287762588,0.9949031919167923,0.9929380168402592,1559,2441,gradient_boosting,compliance_violation_early_warning,10,44,expiryBoundaryEnforced,0.38975,-0.10225000000000001,-0.007960156008631092,-3.426207142875892e-05
0.969,1.0,0.9206145966709347,0.9586666666666667,0.9927479336455755,0.9900665425036994,1562,2438,logistic_regression,compliance_violation_early_warning,10,44,attemptLockoutEnforced,0.3905,-0.10149999999999998,0.008052608657782456,0.005997575553904122
0.969,1.0,0.9206145966709347,0.9586666666666667,0.9950657220975191,0.9929926312731275,1562,2438,gradient_boosting,compliance_violation_early_warning,10,44,attemptLockoutEnforced,0.3905,-0.10149999999999998,-0.008279818118223203,0.00012826810929800203
0.94475,0.9473684210526315,0.9092071611253197,0.9278955954323002,0.9864668506083094,0.982584879258888,1564,2436,logistic_regression,compliance_violation_early_warning,10,44,sessionBindingEnforced,0.391,-0.10099999999999998,-0.022718462576584053,-0.0002835074833619222
0.9685,0.9993055555555556,0.920076726342711,0.9580559254327563,0.994289751132837,0.9922037706579272,1564,2436,gradient_boosting,compliance_violation_early_warning,10,44,sessionBindingEnforced,0.391,-0.10099999999999998,-0.008890559352133565,-0.0006477028553840691
0.94675,0.9553975436328378,0.9112207151664612,0.932786367939413,0.986556017501159,0.983654075881329,1622,2378,logistic_regression,compliance_violation_early_warning,10,44,supersessionEnforced,0.4055,-0.08649999999999997,-0.017827690069471158,-0.0001943405905123763
0.9685,0.9980026631158455,0.9241676942046856,0.9596670934699104,0.9943810349494284,0.9928837622540481,1622,2378,gradient_boosting,compliance_violation_early_warning,10,44,supersessionEnforced,0.4055,-0.08649999999999997,-0.007279391314979455,-0.000556419038792666
0.955,0.9816176470588235,0.9280039721946375,0.9540581929555896,0.9883841808248603,0.9901556987183523,2014,1986,logistic_regression,compliance_violation_early_warning,10,45,(none - all controls active),0.5035,0.0,0.0,0.0
0.96975,0.9994722955145119,0.9404170804369414,0.9690457917625991,0.9947068656364162,0.9952268556608483,2014,1986,gradient_boosting,compliance_violation_early_warning,10,45,(none - all controls active),0.5035,0.0,0.0,0.0
0.9995,1.0,0.9987562189054726,0.9993777224642191,0.999999740012313,0.9999996134925125,1608,2392,logistic_regression,compliance_violation_early_warning,10,45,replayRejected,0.402,-0.10149999999999992,0.0453195295086295,0.011615559187452607
0.99925,0.9993777224642191,0.9987562189054726,0.9990668740279938,0.9988812729829115,0.9992564690305352,1608,2392,gradient_boosting,compliance_violation_early_warning,10,45,replayRejected,0.402,-0.10149999999999992,0.030021082265394683,0.0041744073464953235
0.94925,0.9536553524804178,0.9171374764595104,0.93504,0.9886515345100123,0.9855275490868747,1593,2407,logistic_regression,compliance_violation_early_warning,10,45,expiryBoundaryEnforced,0.39825,-0.10524999999999995,-0.019018192955589597,0.0002673536851519609
0.96975,0.9986449864498645,0.9252981795354677,0.9605734767025089,0.9942816919995064,0.99227475784341,1593,2407,gradient_boosting,compliance_violation_early_warning,10,45,expiryBoundaryEnforced,0.39825,-0.10524999999999995,-0.008472315060090163,-0.0004251736369097481
0.9705,0.9967061923583662,0.9305043050430505,0.962468193384224,0.994664679165747,0.9930453326357461,1626,2374,logistic_regression,compliance_violation_early_warning,10,45,attemptLockoutEnforced,0.4065,-0.09699999999999998,0.008410000428634379,0.00628049834088662
0.97025,0.9980171844018506,0.9286592865928659,0.9620898375278751,0.9949249039668155,0.9933779361590113,1626,2374,gradient_boosting,compliance_violation_early_warning,10,45,attemptLockoutEnforced,0.4065,-0.09699999999999998,-0.006955954234723949,0.0002180383303993505
0.95175,0.9596879063719116,0.9184816428126945,0.9386327503974563,0.9882209337491559,0.9853183862338786,1607,2393,logistic_regression,compliance_violation_early_warning,10,45,sessionBindingEnforced,0.40175,-0.10174999999999995,-0.015425442558133273,-0.00016324707570447572
0.96975,0.9986577181208054,0.9259489732420659,0.9609299321924443,0.994823498635176,0.9929464469085174,1607,2393,gradient_boosting,compliance_violation_early_warning,10,45,sessionBindingEnforced,0.40175,-0.10174999999999995,-0.008115859570154815,0.000116632998759858
0.9515,0.9600515463917526,0.9186189889025894,0.9388783868935098,0.9882505478186293,0.9855627020477756,1622,2378,logistic_regression,compliance_violation_early_warning,10,45,supersessionEnforced,0.4055,-0.09799999999999992,-0.015179806062079804,-0.00013363300623103758
0.96925,0.9973457199734572,0.9266337854500617,0.9606903163950143,0.9949157608949277,0.9932410121280576,1622,2378,gradient_boosting,compliance_violation_early_warning,10,45,supersessionEnforced,0.4055,-0.09799999999999992,-0.008355475367584742,0.00020889525851153223
0.94975,0.9745454545454545,0.9250493096646942,0.9491525423728814,0.9874252853559298,0.9895782189255015,2028,1972,logistic_regression,compliance_violation_early_warning,10,46,(none - all controls active),0.507,0.0,0.0,0.0
0.96925,1.0,0.9393491124260355,0.9687261632341724,0.9943191365507639,0.9948843339646642,2028,1972,gradient_boosting,compliance_violation_early_warning,10,46,(none - all controls active),0.507,0.0,0.0,0.0
0.999,1.0,0.9974953036944271,0.9987460815047022,0.9999942672369203,0.9999914911490546,1597,2403,logistic_regression,compliance_violation_early_warning,10,46,replayRejected,0.39925,-0.10775000000000001,0.04959353913182085,0.012568981880990537
0.999,1.0,0.9974953036944271,0.9987460815047022,0.9998896443107147,0.9998522586086178,1597,2403,gradient_boosting,compliance_violation_early_warning,10,46,replayRejected,0.39925,-0.10775000000000001,0.030019918270529855,0.005570507759950827
0.946,0.949906073888541,0.9177253478523896,0.9335384615384615,0.9874793502717167,0.985102126679764,1653,2347,logistic_regression,compliance_violation_early_warning,10,46,expiryBoundaryEnforced,0.41325,-0.09375,-0.015614080834419841,5.4064915786966594e-05
0.96925,1.0,0.925589836660617,0.9613572101790764,0.9939141780667085,0.9923766939820393,1653,2347,gradient_boosting,compliance_violation_early_warning,10,46,expiryBoundaryEnforced,0.41325,-0.09375,-0.007368953055095995,-0.0004049584840554177
0.97025,0.9993328885923949,0.926980198019802,0.9617977528089887,0.994642501162868,0.9929655209872403,1616,2384,logistic_regression,compliance_violation_early_warning,10,46,attemptLockoutEnforced,0.404,-0.10299999999999998,0.012645210436107335,0.0072172158069382375
0.9705,0.9986684420772304,0.9282178217821783,0.9621552277100706,0.9947034998172636,0.9930038663998481,1616,2384,gradient_boosting,compliance_violation_early_warning,10,46,attemptLockoutEnforced,0.404,-0.10299999999999998,-0.0065709355241018175,0.00038436326649970987
0.94475,0.9431673052362708,0.9179614667495338,0.9303937007874016,0.9872379825006712,0.984250271240169,1609,2391,logistic_regression,compliance_violation_early_warning,10,46,sessionBindingEnforced,0.40225,-0.10475000000000001,-0.018758841585479802,-0.00018730285525858648
0.96875,0.9986559139784946,0.9235550031075201,0.9596383597029383,0.9937545472339172,0.9918465184235867,1609,2391,gradient_boosting,compliance_violation_early_warning,10,46,sessionBindingEnforced,0.40225,-0.10475000000000001,-0.009087803531234062,-0.0005645893168466642
0.94475,0.9464060529634301,0.9169211973121564,0.9314303443996277,0.9874172457642784,0.9848835783421933,1637,2363,logistic_regression,compliance_violation_early_warning,10,46,supersessionEnforced,0.40925,-0.09775,-0.017722197973253695,-8.039591651409772e-06
0.9695,0.999340804218853,0.9260843005497862,0.9613189600507293,0.9943715874258803,0.9927709149526401,1637,2363,gradient_boosting,compliance_violation_early_warning,10,46,supersessionEnforced,0.40925,-0.09775,-0.007407203183443123,5.245087511640545e-05
0.9485,0.9752577319587629,0.9229268292682927,0.9483709273182958,0.9877776110068793,0.989923686440279,2050,1950,logistic_regression,compliance_violation_early_warning,10,47,(none - all controls active),0.5125,0.0,0.0,0.0
0.967,0.9989594172736732,0.9365853658536586,0.9667673716012085,0.9948599124452783,0.9954693723624004,2050,1950,gradient_boosting,compliance_violation_early_warning,10,47,(none - all controls active),0.5125,0.0,0.0,0.0
0.9995,1.0,0.9987577639751553,0.9993784959602238,0.9999966215338237,0.9999950100113728,1610,2390,logistic_regression,compliance_violation_early_warning,10,47,replayRejected,0.4025,-0.10999999999999993,0.051007568641928014,0.012219010526944407
0.99925,0.9993784959602238,0.9987577639751553,0.9990680335507922,0.9988819875776398,0.9992577639751551,1610,2390,gradient_boosting,compliance_violation_early_warning,10,47,replayRejected,0.4025,-0.10999999999999993,0.0323006619495837,0.0040220751323615245
0.9405,0.9411764705882353,0.9112063686466626,0.9259489732420659,0.9877194875134239,0.984841043629441,1633,2367,logistic_regression,compliance_violation_early_warning,10,47,expiryBoundaryEnforced,0.40825,-0.10424999999999995,-0.022421954076229822,-5.812349345546419e-05
0.96675,0.9973474801061007,0.9210042865890998,0.9576567971983445,0.9949994968063371,0.9933223946549631,1633,2367,gradient_boosting,compliance_violation_early_warning,10,47,expiryBoundaryEnforced,0.40825,-0.10424999999999995,-0.009110574402864002,0.0001395843610588754
0.966,0.9935649935649936,0.9245508982035928,0.9578163771712159,0.9941985556783428,0.9926937465365969,1670,2330,logistic_regression,compliance_violation_early_warning,10,47,attemptLockoutEnforced,0.4175,-0.09499999999999997,0.009445449852920174,0.00642094467146348
0.967,0.9961290322580645,0.9245508982035928,0.9590062111801242,0.9954921487497108,0.9941550833760752,1670,2330,gradient_boosting,compliance_violation_early_warning,10,47,attemptLockoutEnforced,0.4175,-0.09499999999999997,-0.007761160421084323,0.000632236304432543
0.93925,0.9361302442078898,0.9138141809290954,0.9248376121249613,0.9876747380222489,0.984883001110851,1636,2364,logistic_regression,compliance_violation_early_warning,10,47,sessionBindingEnforced,0.409,-0.10349999999999998,-0.02353331519333446,-0.00010287298463040884
0.9665,0.9980106100795756,0.9199266503667481,0.9573791348600509,0.9948276718007273,0.9932398943071145,1636,2364,gradient_boosting,compliance_violation_early_warning,10,47,sessionBindingEnforced,0.409,-0.10349999999999998,-0.00938823674115763,-3.2240644550984854e-05
0.93875,0.937733499377335,0.9121744397334949,0.9247774025176543,0.9875558216584555,0.9849768060826006,1651,2349,logistic_regression,compliance_violation_early_warning,10,47,supersessionEnforced,0.41275,-0.09974999999999995,-0.023593524800641474,-0.0002217893484238731
0.96725,0.9986876640419947,0.9218655360387644,0.9587401574803149,0.99482749595882,0.9934446204937092,1651,2349,gradient_boosting,compliance_violation_early_warning,10,47,supersessionEnforced,0.41275,-0.09974999999999995,-0.008027214120893578,-3.241648645824213e-05
0.9525,0.9779063650710152,0.9262580966616841,0.951381780962129,0.9878031005879823,0.9897172617336224,2007,1993,logistic_regression,compliance_violation_early_warning,10,48,(none - all controls active),0.50175,0.0,0.0,0.0
0.97,1.0,0.9402092675635276,0.9691833590138675,0.9942283042967277,0.9945718292992378,2007,1993,gradient_boosting,compliance_violation_early_warning,10,48,(none - all controls active),0.50175,0.0,0.0,0.0
0.99975,1.0,0.9993690851735015,0.9996844430419691,0.9999986937581231,0.9999980159911117,1585,2415,logistic_regression,compliance_violation_early_warning,10,48,replayRejected,0.39625,-0.10550000000000004,0.04830266207984013,0.01219559317014085
0.9995,0.9993690851735015,0.9993690851735015,0.9993690851735015,0.9994321766561515,0.9996190851735015,1585,2415,gradient_boosting,compliance_violation_early_warning,10,48,replayRejected,0.39625,-0.10550000000000004,0.030185726159633997,0.005203872359423767
0.95175,0.9623762376237623,0.9146800501882058,0.9379221614667096,0.9877486334352326,0.9846062374757628,1594,2406,logistic_regression,compliance_violation_early_warning,10,48,expiryBoundaryEnforced,0.3985,-0.10325000000000001,-0.013459619495419406,-5.446715274970426e-05
0.96975,0.9993220338983051,0.9247176913425345,0.9605734767025089,0.9935749814088785,0.9912084802047234,1594,2406,gradient_boosting,compliance_violation_early_warning,10,48,expiryBoundaryEnforced,0.3985,-0.10325000000000001,-0.008609882311358619,-0.0006533228878492503
0.97025,1.0,0.9259950248756219,0.9615757184371972,0.9936136624569459,0.9916936344655116,1608,2392,logistic_regression,compliance_violation_early_warning,10,48,attemptLockoutEnforced,0.402,-0.09975,0.010193937475068249,0.005810561868963671
0.9695,0.9979892761394102,0.9259950248756219,0.9606451612903226,0.9948479540008985,0.9930396046894634,1608,2392,gradient_boosting,compliance_violation_early_warning,10,48,attemptLockoutEnforced,0.402,-0.09975,-0.008538197723544916,0.0006196497041708326
0.9505,0.9632968448164843,0.9138668295662797,0.9379310344827586,0.9879358290650171,0.985489067676003,1637,2363,logistic_regression,compliance_violation_early_warning,10,48,sessionBindingEnforced,0.40925,-0.09250000000000003,-0.01345074647937039,0.00013272847703482693
0.96975,0.9993412384716732,0.9266951740989615,0.961648177496038,0.9945301870544959,0.9928159375620821,1637,2363,gradient_boosting,compliance_violation_early_warning,10,48,sessionBindingEnforced,0.40925,-0.09250000000000003,-0.007535181517829503,0.0003018827577682126
0.95,0.9594240837696335,0.9139650872817955,0.9361430395913155,0.9877924137902322,0.9849033589103403,1604,2396,logistic_regression,compliance_violation_early_warning,10,48,supersessionEnforced,0.401,-0.10075,-0.015238741370813491,-1.0686797750070198e-05
0.96925,0.9979825151311366,0.9251870324189526,0.9602070527337431,0.9940862836647945,0.9918589442515054,1604,2396,gradient_boosting,compliance_violation_early_warning,10,48,supersessionEnforced,0.401,-0.10075,-0.008976306280124469,-0.00014202063193324843
0.95425,0.9791889007470651,0.9272359777665488,0.9525045419153906,0.9874371149419223,0.9892149141306146,1979,2021,logistic_regression,compliance_violation_early_warning,10,49,(none - all controls active),0.49475,0.0,0.0,0.0
0.97,0.999462654486835,0.9398686205154119,0.96875,0.9938678239275881,0.9941110189316142,1979,2021,gradient_boosting,compliance_violation_early_warning,10,49,(none - all controls active),0.49475,0.0,0.0,0.0
0.99875,1.0,0.9968730456535334,0.998434074538052,0.9999921858700214,0.9999883270852434,1599,2401,logistic_regression,compliance_violation_early_warning,10,49,replayRejected,0.39975,-0.09500000000000003,0.04592953262266142,0.012555070928099044
0.9995,1.0,0.9987492182614134,0.9993742177722152,0.9989756977952955,0.9993078588287453,1599,2401,gradient_boosting,compliance_violation_early_warning,10,49,replayRejected,0.39975,-0.09500000000000003,0.030624217772215245,0.005107873867707391
0.9525,0.9618671926364234,0.9172413793103448,0.9390243902439024,0.9872882383227211,0.984249445067543,1595,2405,logistic_regression,compliance_violation_early_warning,10,49,expiryBoundaryEnforced,0.39875,-0.09600000000000003,-0.013480151671488194,-0.00014887661920126583
0.97,0.9986477349560514,0.9260188087774295,0.9609629147690306,0.9934342637790914,0.991192657981983,1595,2405,gradient_boosting,compliance_violation_early_warning,10,49,expiryBoundaryEnforced,0.39875,-0.09600000000000003,-0.007787085230969382,-0.0004335601484967144
0.97125,0.9993093922651933,0.9269698910954516,0.961781322698571,0.9936852539569598,0.9914027262621616,1561,2439,logistic_regression,compliance_violation_early_warning,10,49,attemptLockoutEnforced,0.39025,-0.10450000000000004,0.009276780783180394,0.006248139015037513
0.9705,0.9965588437715073,0.9276105060858424,0.9608493696084937,0.9944242331596922,0.9921486098483167,1561,2439,gradient_boosting,compliance_violation_early_warning,10,49,attemptLockoutEnforced,0.39025,-0.10450000000000004,-0.007900630391506347,0.0005564092321040937
0.95,0.9554973821989529,0.9170854271356784,0.9358974358974359,0.987165113357485,0.9840828016713349,1592,2408,logistic_regression,compliance_violation_early_warning,10,49,sessionBindingEnforced,0.398,-0.09675,-0.016607106017954676,-0.00027200158443729805
0.96925,0.997291807718348,0.925251256281407,0.9599217986314761,0.9937032024741649,0.9914895628182548,1592,2408,gradient_boosting,compliance_violation_early_warning,10,49,sessionBindingEnforced,0.398,-0.09675,-0.008828201368523914,-0.00016462145342321932
0.948,0.948582729070534,0.917144678138942,0.932598833441348,0.9869601773774532,0.9835232462525326,1569,2431,logistic_regression,compliance_violation_early_warning,10,49,supersessionEnforced,0.39225,-0.10250000000000004,-0.019905708474042605,-0.0004769375644690932
0.96925,0.9972489683631361,0.9241555130656469,0.959311941779689,0.9936296598089421,0.9911331327832377,1569,2431,gradient_boosting,compliance_violation_early_warning,10,49,supersessionEnforced,0.39225,-0.10250000000000004,-0.009438058220310963,-0.0002381641186459671
0.95675,0.9809725158562368,0.9312594079277471,0.9554697554697554,0.9888528634475773,0.990436318884437,1993,2007,logistic_regression,compliance_violation_early_warning,10,50,(none - all controls active),0.49825,0.0,0.0,0.0
0.971,0.998936735778841,0.9427997992975414,0.9700567888487351,0.994532683025367,0.9948015874301439,1993,2007,gradient_boosting,compliance_violation_early_warning,10,50,(none - all controls active),0.49825,0.0,0.0,0.0
1.0,1.0,1.0,1.0,1.0,1.0,1593,2407,logistic_regression,compliance_violation_early_warning,10,50,replayRejected,0.39825,-0.10000000000000003,0.04453024453024457,0.01114713655242272
1.0,1.0,1.0,1.0,1.0,1.0,1593,2407,gradient_boosting,compliance_violation_early_warning,10,50,replayRejected,0.39825,-0.10000000000000003,0.02994321115126486,0.005467316974632985
0.95475,0.9632786885245902,0.9215809284818067,0.9419685796729721,0.9888163843840836,0.9858793881067439,1594,2406,logistic_regression,compliance_violation_early_warning,10,50,expiryBoundaryEnforced,0.3985,-0.09975,-0.013501175796783338,-3.647906349368846e-05
0.9715,1.0,0.9284818067754078,0.962914769030579,0.9941543568932123,0.9921141346481315,1594,2406,gradient_boosting,compliance_violation_early_warning,10,50,expiryBoundaryEnforced,0.3985,-0.09975,-0.007142019818156098,-0.000378326132154716
0.9715,1.0,0.9283018867924528,0.9628180039138943,0.9941334585975625,0.9921385375915923,1590,2410,logistic_regression,compliance_violation_early_warning,10,50,attemptLockoutEnforced,0.3975,-0.10075,0.0073482484441388385,0.0052805951499852455
0.9705,0.9972972972972973,0.9283018867924528,0.9615635179153095,0.9946199013544195,0.9926018122173722,1590,2410,gradient_boosting,compliance_violation_early_warning,10,50,attemptLockoutEnforced,0.3975,-0.10075,-0.008493270933425667,8.721832905245197e-05
0.95675,0.966821499668215,0.9221518987341772,0.9439585357952704,0.9889494193953343,0.985941962537132,1580,2420,logistic_regression,compliance_violation_early_warning,10,50,sessionBindingEnforced,0.395,-0.10325000000000001,-0.011511219674484985,9.655594775703769e-05
0.9715,1.0,0.9278481012658227,0.9625738673670388,0.9943177895177321,0.992181479801823,1580,2420,gradient_boosting,compliance_violation_early_warning,10,50,sessionBindingEnforced,0.395,-0.10325000000000001,-0.007482921481696381,-0.00021489350763492787
0.95675,0.9681818181818181,0.923219814241486,0.9451664025356576,0.9889707991770029,0.9864258733693284,1615,2385,logistic_regression,compliance_violation_early_warning,10,50,supersessionEnforced,0.40375,-0.09450000000000003,-0.010303352934097787,0.00011793572942564445
0.9715,1.0,0.9294117647058824,0.9634146341463414,0.9945834063516171,0.9926959936778084,1615,2385,gradient_boosting,compliance_violation_early_warning,10,50,supersessionEnforced,0.40375,-0.09450000000000003,-0.00664215470239371,5.072332625011278e-05
0.956,0.9756888168557536,0.9323696437790397,0.9535374868004224,0.9879162599088945,0.9893482957717232,1937,2063,logistic_regression,compliance_violation_early_warning,10,51,(none - all controls active),0.48425,0.0,0.0,0.0
0.9745,0.9994556341861731,0.9478575116159009,0.972972972972973,0.9956365453621355,0.9955643341039633,1937,2063,gradient_boosting,compliance_violation_early_warning,10,51,(none - all controls active),0.48425,0.0,0.0,0.0
0.9995,1.0,0.998703823720026,0.9993514915693904,0.9999931419244447,0.9999892033881854,1543,2457,logistic_regression,compliance_violation_early_warning,10,51,replayRejected,0.38575,-0.09850000000000003,0.04581400476896802,0.012076882015550128
0.9995,1.0,0.998703823720026,0.9993514915693904,0.9988351822441258,0.9992043242205264,1543,2457,gradient_boosting,compliance_violation_early_warning,10,51,replayRejected,0.38575,-0.09850000000000003,0.026378518596417377,0.003198636881990291
0.9495,0.9456233421750663,0.9223803363518758,0.933857236411264,0.9879160775606213,0.9844476104710584,1546,2454,logistic_regression,compliance_violation_early_warning,10,51,expiryBoundaryEnforced,0.3865,-0.09775,-0.019680250389158438,-1.8234827325880332e-07
0.974,0.9979281767955801,0.9346701164294955,0.9652638610554443,0.9949427815926898,0.9928249901873779,1546,2454,gradient_boosting,compliance_violation_early_warning,10,51,expiryBoundaryEnforced,0.3865,-0.09775,-0.007709111917528766,-0.0006937637694457433
0.97525,1.0,0.9367007672634271,0.9673159458567184,0.9947248014648138,0.9928101256396324,1564,2436,logistic_regression,compliance_violation_early_warning,10,51,attemptLockoutEnforced,0.391,-0.09325,0.013778459056296044,0.006808541555919256
0.975,0.9979591836734694,0.9379795396419437,0.9670402109426499,0.9955266589394378,0.993717259011966,1564,2436,gradient_boosting,compliance_violation_early_warning,10,51,attemptLockoutEnforced,0.391,-0.09325,-0.005932762030323113,-0.00010988642269771365
0.9495,0.9470549305095963,0.9214423696072118,0.9340731070496083,0.9875216798313557,0.9842249495441131,1553,2447,logistic_regression,compliance_violation_early_warning,10,51,sessionBindingEnforced,0.38825,-0.09600000000000003,-0.019464379750814054,-0.00039458007753878643
0.97425,0.9979395604395604,0.9356084996780425,0.965769358590894,0.9949882782207525,0.9929258104841326,1553,2447,gradient_boosting,compliance_violation_early_warning,10,51,sessionBindingEnforced,0.38825,-0.09600000000000003,-0.00720361438207906,-0.0006482671413829966
0.94875,0.9441860465116279,0.9215304798962386,0.932720708893994,0.987657760624932,0.9841953825211135,1542,2458,logistic_regression,compliance_violation_early_warning,10,51,supersessionEnforced,0.3855,-0.09875,-0.02081677790642833,-0.0002584992839624878
0.9745,0.9986149584487535,0.9351491569390402,0.9658405894172807,0.9952811645501757,0.9933053933419709,1542,2458,gradient_boosting,compliance_violation_early_warning,10,51,supersessionEnforced,0.3855,-0.09875,-0.007132383555692345,-0.00035538081195984894
